id_events_group , description , name , type , organiser_login_email
1, Πολύ μεγάλος χώρος για τις δραστηριότητες , Χαρούμενα παιδιά , Πάρτι , edutnall3@github.io
2, Διασκέδαση στο MAX για εσάς και τα παιδιά σας  , Η χαρά του παιδιού , Πάρτι , edutnall3@github.io
3, Εξάσκηση στο σερβίς και στην μανσέτα και ομαδικά παιχνίδια  ,Βόλλευ και χειροσφαίριση, Αθλητικά , edutnall3@github.io
4, Μία εκδήλωση που δεν πρεπει να χάσει κανένας γονιός και το παιδί του , Του παιδιού μου το παιδί , Αθλητικά , edutnall3@github.io
5, Πειράματα στο εργαστήριο της χημείας στον χώρο μας , Παιδάκια εν δράση , Επιστίμη , edutnall3@github.io
6, Αγώνες των μικρών μας φίλων σε γηπεδάκι στο χώρο μας , Το τέλειο ποδόσφαιρο, Αθλητικά , edutnall3@github.io
7, Ο Μέσσι θα βρίσκεται στον παιδότοπό μας για να προσφέρει θέαμα, Και ο μέσσι παιδί ξεκίνησε , Ποδόσφαιρο , edutnall3@github.io
8, Νταμπ , Υπο Maradona , Ποδόσφαιρο , edutnall3@github.io
9, Φως και κίνηση μέσα απο ένα διαδραστικό περιβάλλον , Youngenstain , Επιστίμη , edutnall3@github.io
10, Εξάσκηση σε κινήσεις με βάρη και δυναμική άσκηση, Γίνε δυνατός σαν τον Μπαμπά , Αθλητικά , edutnall3@github.io
11, Ξεκαρδιστικό show για τους μικρούς μας φίλους, Ο κλόον που έγινε μαϊμού, Πάρτι , edutnall3@github.io
12, Πρόγραμμα για όλες τις ηλικίες , 11 και 1 άθλοι , Αθλητικά , edutnall3@github.io
13, Όχι  κανένα στοιχείο της γης στις διάφορες κλινικές στην mauris vulputate facilisis  ότι ήταν  , Youthtoven , Μουσική , edutnall3@github.io
14, η πορεία του δικαστηρίου του χρόνου  για να ζήσει  ως εκ τούτου  δεν υπήρξε καμία δύναμη εντός της ΕΕ mi nulla felis ΕΕ sapien  και γραμμένο με το , Τα ποντίκια παίζουν μουσική , Μουσική , edutnall3@github.io
15, που στον καναπέ τους μέχρι φαρέτρα μεγάλο γήπεδο μπάσκετ μπανάνες μακρο φροντίδα των καρότων κουτί μου , Φυσική και νερό , Επιστίμη , edutnall3@github.io
16, και είναι η ταυτότητα ornare imperdiet sapien lacinia το admin congue διαμ venenatis tristique urna  εκτός από την τιμή της nisl ut volutpat , Το ευ αγωνίζεσθαι , Αθλητικά , edutnall3@github.io
17, ο συγγραφέας της ultrices mauris sed rutrum rutrum neque Aenean lacinia Aenean sit amet justo nisl venenatis παρούσα ότι η μάζα των ασθενειών όπως η , Ενισχυμένη απτή πολυπλοκότητα , Επιστίμη , edutnall3@github.io
18, και η φούστα δεν αποστειρώνεται διάμετρο Σχεδιασμού λυπημένος σκούρο χτένισμα που κοσμούν την τιμή του ποτ sapien , Πάρτι με μπαλόνια , Πάρτι , edutnall3@github.io
19, φόβους τόξο προπτυχιακών ζωντανή τηλεοπτική vulputate Γραφείο παίκτες γιασεμί αποφοίτησε παιδιά που χρειάζονται την κλινική ανάγκη μέχρι τώρα , Στην αλάνα παίζουμε , Ποδόσφαιρο , edutnall3@github.io
20, Ιαπωνία καρότα που χορεύουν σε κάθε εργαζόμενο ο οποίος κλινική NIBH , Το τέρμα και τα μάτια σου , Ποδόσφαιρο , edutnall3@github.io
21, μισούν μόνο τη φροντίδα που λαμβάνει από την ΕΕ και την κατασκευή των Ηνωμένων Πολιτειών και φούστα , Καλοκαιρινά σπορ , Αθλητικά , edutnall3@github.io
22, αλλά η υπόθεση αναμένεται σε κάθε μία  και η πλώρη TELLUS Semper interdum mauris ullamcorper purus , Τριπλή στρατηγική αντάξια συστήματος , Ποδόσφαιρο , edutnall3@github.io
23, εκτός εάν η τιμή των venenatis tristique urna imperdiet sapien το admin congue διαμ nisl ut volutpat sapien arcu lorem sagittis , Δεν περιγράφω άλλο , Ποδόσφαιρο , edutnall3@github.io
24, η πορεία του δικαστηρίου του χρόνου  για να ζήσει  ως εκ τούτου  δεν υπήρξε καμία δύναμη εντός της ΕΕ mi nulla felis ΕΕ sapien  και γραμμένο με το , Τα παιδιά είναι το μέλλον, Επιστίμη , edutnall3@github.io
25, Κανένας πόνος ή πρωτεΐνη μέχρι να είναι ακριβώς το μίσος και η φροντίδα που λαμβάνει από την ΕΕ , Λιλιπούπολη , Μουσική , edutnall3@github.io
26, την αντιμετώπιση αυτού του eleifend ultricies luctus έρωτα της ΕΕ pretium est convallis EGET justo καθίσει Αμέτ sapien dignissim , Συγχρονισμένη έννοια ανθεκτικότητας σε σφάλματα , Πάρτι , edutnall3@github.io
27, Αλλά οι προγραμματιστές δεν είναι μέλη της κάθε κλινικής πόδι ποδόσφαιρο δηλητηριώδες αέριο  αλλά το αέριο dark pools ποδόσφαιρο τηλεόραση , Πολλαπλών κατευθυνόμενων παραδειγματικών παραδειγμάτων , Αθλητικά , edutnall3@github.io
28, κατά καιρούς  από τα οποία δεν ήταν ενώπιον του δικαστηρίου του ut blandit sapien Διάφορα προτέρων ipsum primis στο faucibus ORCi luctus , Εξατομικευμένη υβριδική ανοικτή αρχιτεκτονική , Επιστίμη , edutnall3@github.io
29, ποδόσφαιρο φωτογραφία κρεβάτι με ένα χαμόγελο  αλλά πολύ χρόνο επιπλέουν στο σκοτάδι συνταγή σαλάτας  δεν παίκτες , Ανθεκτική στατική πρωτοβουλία , Μουσική , edutnall3@github.io
30, Δεν χρειάζεται να διατροφή φυστίκι κάθε στοιχείο από κάθε πόρτα ήταν ένα Σαββατοκύριακο , Καινοτόμες μεταβατικές πληροφορίες-mediaries , Μουσική , edutnall3@github.io
31, πιείτε ένα δεν είναι μεγάλη αρέσει το αυτοκίνητο στη χρηματοδότηση ορισμένων δεν ORCi καθίσει Αμέτ διαμ , Ανθεκτικό μοντέλο 24 ωρών , Πάρτι , edutnall3@github.io
32, κατά καιρούς  του κρεβατιού δεν υπέβαλε ενώπιον του δικαστηρίου του βεράντα μπροστά από το οποίο η sapien Διάφορα ut blandit ipsum primis στο faucibus ORCi luctus , Προσαρμόσιμη σταθερή γραφική διεπαφή , Μουσική , edutnall3@github.io
33, πολλά μίσους  οι οποίοι μπορούν να μισούν  μέχρι που consequat pellentesque ultrices Διάφορα ακέραιο της ζωής  εκτός από ένα λιοντάρι  και το , Βελτιωμένη διακεκομμένη χρήση , Ποδόσφαιρο , edutnall3@github.io
34, Εκτός αν  μέχρι το μίσος της ζωής για suscipit ullamcorper augue ultrices nulla pede Mattis pulvinar ελευθερία  αλλά όχι , Εύχρηστη σύνθετη εξομοίωση , Πάρτι , edutnall3@github.io
35, ακριβώς όπως ήταν  ότι κανένα στοιχείο του cursus urna ut TELLUS mauris vulputate αύριο facilisis δεν είναι καμία από τις διάφορες κλινικές στην , Επίμονη μεταβατική ευελιξία , Ποδόσφαιρο , edutnall3@github.io
36, καρότα εκπίπτουν τα πόδια δεν θα είναι αντάπτορα τηλεόραση σε κάθε κλινική διατροφή στο μηδέν αποφοίτησε έκλεισε αύριο , Πολλαπλασιασμένος δευτερεύων ιστότοπος , Μουσική , edutnall3@github.io
37, Τώρα  όμως  μια μεγάλη ευκολία να επενδύσει σήμερα καθίσει για οποιοδήποτε χρονικό διάστημα ή σε ολόκληρο το πόδι  το οποίο διευκολύνει μόνο που χρειάζεται φούστα , Μείωση της απόδοσης στο μέλλον , Ποδόσφαιρο , edutnall3@github.io
38, η όλη πορεία της id turpis vestibulum καθίσει Αμέτ aliquet massa rhoncus sed Phasellus pellentesque hendrerit , Πρόσωπο προς πρόσωπο μη πτητική μήτρα , Ποδόσφαιρο , edutnall3@github.io
39, διαμέτρου Σχεδιασμού θλιβερή σκοτεινή χτένισμα ότι ποδοσφαιριστές καθώς η τιμή του ποτ sapien sapien τόξου  αλλά το Σαββατοκύριακο , Συνεργατικό πλαίσιο που βασίζεται στη ζήτηση , Επιστίμη , edutnall3@github.io
40, και δεν αναλαμβάνει καμία έργου ή όχι  αλλά χρειάζεται πολλή Τώρα τραβήξτε οποιαδήποτε πρωτεΐνη Reserved , Εξατομικευμένοι πίνακες ευαίσθητοι στο πλαίσιο , Αθλητικά , edutnall3@github.io
41, ένα λιοντάρι κάποιου μαικήνας Lacus morbi ΕΕ vestibulum commodo QUIS QUIS tortor id , Μεγαλύτερη συγκυρία 6ης γενιάς , Ποδόσφαιρο , edutnall3@github.io
42, υπήρχε πολλή aliquet ultrices tortor sollicitudin γιος  η μεγάλη βεράντα του , Λειτουργικό μορατόριουμ ενεργοποίησης , Αθλητικά , edutnall3@github.io
43, μπανάνες dark pools τσίλι σε επίπεδο ΕΕ δεν αξίζει περισσότερο από ό  αποφοίτησε κρεμασμένα στην Ιαπωνία , Συγχρονισμένη ενορχηστρωτική ενορχήστρωση , Πάρτι , edutnall3@github.io
44, πριν από την pulvinar neque sapien placerat iaculis διαμ nulla justo  ούτε ήταν απλά μια προθέρμανση , Υποχρεωτικός παγκόσμιος αναλυτής , Αθλητικά , edutnall3@github.io
45, η βεράντα πριν από την είσοδο  κάθε πρόσωπο NIBH sapien dignissim justo καθίσει Αμέτ ipsum primis στο faucibus ORCi luctus et ultrices , Δομή τιμολόγησης οργανικού περιεχομένου , Πάρτι , edutnall3@github.io
46, αλλά η υπόθεση αναμένεται σε κάθε μία  και η γη είναι πάντα  arcu libero interdum mauris ullamcorper purus , Ενσωματωμένο ενδιάμεσο λογισμικό οικολογικού ενδιαφέροντος , Ποδόσφαιρο , edutnall3@github.io
47, παρακαλούμε να επενδύσουν παρούσα καθίσει για ένα ολόκληρο πόδι  όχι μόνο φούστα , Πλήρως διαμορφωμένη μεγιστοποιημένη βάση δεδομένων , Επιστίμη , edutnall3@github.io
48, χωρίς μακιγιάζ και ένα κουτί ή ένα tortor πρωτεΐνη διαμ για το ποδόσφαιρο , Πρωτοποριακή μη πτητική στρατηγική , Πάρτι , edutnall3@github.io
49, πριν από την pulvinar neque sapien placerat EGET ελίτ sodales QUIS Nulla σε nulla justo  mi TELLUS καθίσει Αμέτ μερικά , Ενσωματωμένος αναλυτής που βλέπει τον χρήστη , Ποδόσφαιρο , edutnall3@github.io
50, τραβήξτε διάμετρο που δεν υπερβαίνει τα κρεμασμένα καινοτόμους επιχειρηματίες στο σχολείο , Αντίστροφη μηχανική πρόκληση , Αθλητικά , edutnall3@github.io
