login_email,birth_date,name,police_id,surname
cmeth0@va.gov,04/07/1968,Mélina,AK123445,Meth
fberrygun1@altervista.org,28/02/1941,Intéressant,AK123444,Berrygun
lcorr2@oaic.gov.au,27/04/1955,Nélie,AK123444,Corr
edutnall3@github.io,30/11/1952,Aloïs,AK123445,Dutnall
jatyeo4@newsvine.com,31/07/1990,Françoise,AK123445,Atyeo
ppyrah5@wufoo.com,20/05/1943,Béatrice,AK123445,Pyrah
amoloney6@ezinearticles.com,13/01/1969,Bérénice,AK123445,Moloney
ctackell7@sphinn.com,12/09/1990,Mélanie,AK123445,Tackell
xpattlel8@fotki.com,19/03/1974,Torbjörn,AK123445,Pattlel
cstather9@google.ca,15/09/1976,Cécile,AK123444,Stather
jnorthovera@xinhuanet.com,10/02/1945,Almérinda,AK123445,Northover
aboulterb@xing.com,31/03/1978,Bénédicte,AK123444,Boulter
afosseyc@ed.gov,22/06/1976,Yè,AK123445,Fossey
cdanilovd@google.com,30/08/1955,Faîtes,AK123444,Danilov
nmenie@ebay.com,24/12/1940,Camélia,AK123445,Meni
asimonnetf@blinklist.com,02/05/1958,Lucrèce,AK123444,Simonnet
bkittelg@wsj.com,22/10/1975,Kuí,AK123444,Kittel
rconochieh@comcast.net,17/08/1966,Athéna,AK123444,Conochie
fgothliffi@mapquest.com,06/02/1974,Uò,AK123444,Gothliff
hrosarioj@istockphoto.com,26/02/1963,Judicaël,AK123444,Rosario
mleftbridgek@zdnet.com,30/09/1979,Célestine,AK123444,Leftbridge
gpoorl@vk.com,03/03/1990,Kù,AK123445,Poor
rparresm@pcworld.com,15/01/1962,Renée,AK123444,Parres
lcayzern@omniture.com,10/01/1973,Maïwenn,AK123444,Cayzer
dalgateo@epa.gov,01/07/1974,Mårten,AK123444,Algate
jbysouthp@theglobeandmail.com,29/01/1945,Eliès,AK123445,Bysouth
rforlongq@themeforest.net,02/12/1992,Camélia,AK123444,Forlong
tleakr@slate.com,27/11/1968,Aimée,AK123445,Leak
egoodgers@jigsy.com,04/07/1945,Marlène,AK123444,Goodger
cfaynet@instagram.com,20/10/1993,Léana,AK123445,Fayne
hanearu@is.gd,30/11/1956,Mylène,AK123444,Anear
sstevensv@hp.com,12/06/1990,Pélagie,AK123444,Stevens
msinniew@amazonaws.com,02/07/1964,Béatrice,AK123444,Sinnie
knobrigax@1688.com,12/05/1962,Laurélie,AK123444,Nobriga
sguillilandy@imdb.com,29/03/1968,Pål,AK123444,Guilliland
vpountneyz@rediff.com,11/10/1962,Béatrice,AK123444,Pountney
bhawkswood10@cisco.com,24/12/1941,Yénora,AK123444,Hawkswood
smcluckie11@gnu.org,27/07/1974,Séréna,AK123445,McLuckie
poldman12@chronoengine.com,26/12/1965,Cloé,AK123444,Oldman
rkopps13@redcross.org,30/10/1986,Miléna,AK123444,Kopps
schimienti14@sakura.ne.jp,14/03/1955,Aí,AK123444,Chimienti
jtroke15@berkeley.edu,04/04/1963,Bénédicte,AK123444,Troke
acobbe16@simplemachines.org,06/03/1982,Frédérique,AK123444,Cobbe
mbrownhill17@linkedin.com,08/09/1956,Gisèle,AK123444,Brownhill
mwooder18@youtube.com,19/07/1990,Cécilia,AK123445,Wooder
mderx19@gravatar.com,10/11/1952,Cunégonde,AK123445,Derx
amilmoe1a@i2i.jp,25/06/1949,Andréanne,AK123444,Milmoe
dcund1b@blogs.com,04/07/1949,Anaëlle,AK123444,Cund
bludlamme1c@arstechnica.com,10/12/1959,Rachèle,AK123444,Ludlamme
csollner1d@mashable.com,12/05/1947,Médiamass,AK123445,Sollner
ldriver1e@smh.com.au,09/01/1970,Rachèle,AK123445,Driver
rpesic1f@behance.net,18/12/1991,Yénora,AK123445,Pesic
cbythell1g@google.com.au,13/10/1963,Loïc,AK123444,Bythell
raloigi1h@google.pl,12/06/1975,Kù,AK123445,Aloigi
kchataignier1i@nature.com,25/10/1964,Gisèle,AK123444,Chataignier
cklas1j@time.com,01/08/1971,Dà,AK123444,Klas
oluxton1k@marriott.com,12/07/1963,Céline,AK123445,Luxton
tthaller1l@sciencedirect.com,09/01/1993,Ophélie,AK123445,Thaller
bilyinykh1m@miibeian.gov.cn,27/05/1946,Naëlle,AK123444,Ilyinykh
thairon1n@gnu.org,10/08/1967,Céline,AK123445,Hairon
scheckley1o@webeden.co.uk,17/10/1958,Cléopatre,AK123445,Checkley
gcurphey1p@joomla.org,09/06/1950,Régine,AK123444,Curphey
sfloyed1q@over-blog.com,22/10/1953,Kallisté,AK123445,Floyed
npillinger1r@bizjournals.com,06/08/1984,Françoise,AK123445,Pillinger
haskem1s@seesaa.net,11/09/1941,Léone,AK123445,Askem
dwinscomb1t@uol.com.br,26/01/1973,Zhì,AK123445,Winscomb
rsayward1u@goodreads.com,23/02/1961,Marie-françoise,AK123445,Sayward
mleestut1v@alibaba.com,23/10/1985,Desirée,AK123445,LeEstut
sbloodworthe1w@scientificamerican.com,21/10/1961,Cécile,AK123444,Bloodworthe
lfermer1x@seesaa.net,19/12/1967,Léandre,AK123445,Fermer
dpassman1y@youtube.com,04/11/1987,Bécassine,AK123444,Passman
ljosofovitz1z@oakley.com,18/07/1961,Célestine,AK123445,Josofovitz
aredmond20@dailymail.co.uk,09/09/1986,Yénora,AK123444,Redmond
sduligal21@biglobe.ne.jp,27/10/1971,Marylène,AK123445,Duligal
lshrigley22@lycos.com,27/12/1985,Lóng,AK123445,Shrigley
eoduilleain23@state.tx.us,24/10/1950,Mà,AK123444,O'Duilleain
shancke24@netvibes.com,12/12/1993,Bérangère,AK123444,Hancke
gwillatts25@columbia.edu,03/06/1970,Joséphine,AK123445,Willatts
borchard26@europa.eu,19/01/1956,Cunégonde,AK123445,Orchard
lalen27@sakura.ne.jp,25/01/1949,Mahélie,AK123444,Alen
bschuck28@woothemes.com,23/05/1978,Adélaïde,AK123444,Schuck
djeenes29@cargocollective.com,22/11/1984,Dafnée,AK123445,Jeenes
hvarnes2a@jugem.jp,07/05/1983,Gwenaëlle,AK123445,Varnes
apoulson2b@hibu.com,05/02/1972,Naéva,AK123445,Poulson
amatterface2c@tinypic.com,12/10/1948,Eléonore,AK123444,Matterface
bodo2d@parallels.com,18/07/1973,Joséphine,AK123445,Odo
arolance2e@com.com,17/09/1979,Néhémie,AK123444,Rolance
amckue2f@sphinn.com,21/12/1971,Jú,AK123444,McKue
akirtland2g@wordpress.com,10/01/1987,Tú,AK123444,Kirtland
ggodspeede2h@cafepress.com,04/09/1980,Illustrée,AK123445,Godspeede
tlichfield2i@adobe.com,10/04/1959,Ruò,AK123445,Lichfield
vpurdie2j@facebook.com,07/03/1958,Desirée,AK123445,Purdie
sregi2k@ifeng.com,17/10/1955,Salomé,AK123445,Regi
gjustham2l@japanpost.jp,12/02/1986,Åslög,AK123444,Justham
fgooding2m@mediafire.com,25/04/1945,Estée,AK123444,Gooding
dkelcher2n@themeforest.net,12/12/1991,Mylène,AK123445,Kelcher
ecamelli2o@miitbeian.gov.cn,02/12/1973,Garçon,AK123444,Camelli
asworder2p@apple.com,13/08/1949,Åke,AK123445,Sworder
lcoleridge2q@engadget.com,13/12/1971,Åsa,AK123445,Coleridge
ehallihane2r@europa.eu,04/11/1993,Mahélie,AK123445,Hallihane
